id,城市,省份,年份,经度,纬度,舒适天数,空气质量指数,年最高温,年最低温,年平均温,东风频率,东风均速,南风频率,南风均速,西风频率,西风均速,北风频率,北风均速,东北风频率,东北风均速,东南风频率,东南风均速,西南风频率,西南风均速,西北风频率,西北风均速
0,七台河市,黑龙江,2024,130.83,45.82,45,48.12,32.00,-31.00,4.32,20.95,2.20,33.90,2.34,70.32,2.52,55.76,2.54,6.52,1.87,12.55,2.41,15.60,2.28,46.54,2.67
1,三亚市,海南省,2024,109.51,18.25,263,25.31,36.00,15.00,27.13,71.68,2.45,59.97,2.14,22.87,2.06,19.60,2.55,18.24,2.59,36.28,2.28,18.49,1.97,1.36,2.00
2,三明市,福建省,2024,117.61,26.23,179,33.67,40.00,-1.00,21.77,46.63,1.29,31.98,1.42,38.86,1.35,61.47,1.27,38.74,1.33,5.15,1.16,23.24,1.49,13.16,1.15
3,三门峡市,河南省,2024,111.19,34.76,113,67.52,39.00,-10.00,14.35,56.62,2.64,29.20,2.88,41.47,2.17,38.48,2.03,7.39,1.33,24.06,3.15,4.34,1.63,30.00,2.24
4,东莞市,广东省,2024,113.75,23.04,171,38.28,37.00,3.00,23.95,55.04,2.03,50.29,2.32,16.88,1.87,43.22,2.09,31.95,2.13,18.76,1.98,9.50,1.94,5.23,1.79
5,东营市,山东省,2024,118.49,37.46,104,67.85,40.00,-13.00,15.22,53.10,2.93,43.60,2.53,36.25,2.61,47.12,3.05,29.87,3.21,18.84,2.58,17.13,2.54,14.22,2.75
6,中山市,广东省,2024,113.38,22.52,176,40.55,36.00,3.00,23.74,56.26,2.47,56.25,2.72,16.39,2.47,37.51,2.65,21.10,2.35,30.54,2.66,12.26,2.61,2.49,2.33
7,临汾市,山西省,2024,111.50,36.08,121,76.91,40.00,-14.00,15.44,35.82,1.60,54.66,1.65,46.48,1.91,38.54,1.88,21.85,1.61,10.96,1.57,29.28,1.73,14.22,2.39
8,临沂市,山东省,2024,118.35,35.05,110,71.39,37.00,-10.00,15.52,56.44,2.60,46.90,2.34,32.39,2.32,43.86,2.70,27.75,2.84,21.34,2.34,18.76,2.29,11.74,2.39
9,临沧市,云南省,2024,100.09,23.89,111,38.71,32.00,2.00,18.64,16.96,1.03,64.42,1.38,77.04,1.58,7.92,1.03,4.12,1.06,10.92,1.00,48.61,1.51,2.98,1.00
10,丹东市,辽宁省,2024,124.37,40.13,92,51.65,34.00,-23.00,11.16,36.92,2.44,47.49,2.45,30.20,2.36,49.54,2.65,16.20,2.47,19.11,2.48,14.69,2.24,14.70,2.50
11,丽水市,浙江省,2024,119.92,28.45,119,40.50,42.00,-6.00,19.81,42.93,1.26,46.55,1.24,22.91,1.21,50.68,1.36,12.65,1.17,28.62,1.31,12.53,1.17,9.55,1.26
12,丽江市,云南省,2024,100.25,26.86,3,29.15,29.00,-4.00,14.29,17.22,1.09,86.85,1.73,72.99,2.01,2.46,1.00,1.92,1.00,13.94,1.10,63.40,1.92,0.54,1.00
13,乌海市,内蒙古自治区,2024,106.82,39.67,76,70.23,39.00,-26.00,10.94,30.06,2.74,48.36,2.49,54.12,2.76,42.93,2.93,6.84,2.60,22.14,2.83,14.74,1.98,32.02,3.07
14,乌鲁木齐市,新疆维吾尔族自治区,2024,87.68,43.77,59,61.16,37.00,-27.00,8.43,28.42,1.90,16.34,2.30,43.71,2.31,79.82,2.11,9.86,1.31,14.98,2.40,1.08,1.25,42.62,2.33
15,乐山市,四川省,2024,103.76,29.58,148,69.14,39.00,0.00,19.36,62.40,1.14,37.69,1.20,21.77,1.46,52.51,1.28,21.19,1.12,33.32,1.20,1.92,1.29,19.03,1.47
16,九江市,江西省,2024,115.97,29.71,107,56.09,39.00,-3.00,18.64,66.73,2.51,30.48,1.93,20.50,2.23,61.82,2.74,45.99,2.88,15.80,1.74,4.39,1.56,13.34,2.39
17,云浮市,广东省,2024,112.02,22.93,186,32.02,38.00,2.00,23.13,63.53,1.60,45.03,1.85,17.47,1.51,44.03,1.51,30.88,1.50,25.26,1.73,7.91,1.62,6.30,1.48
18,亳州市,安徽省,2024,115.77,33.86,93,74.90,39.00,-9.00,17.02,56.64,2.58,48.04,2.65,29.92,2.69,39.20,2.78,23.61,2.69,24.34,2.57,17.39,2.76,8.47,2.74
19,伊春市,黑龙江,2024,128.92,47.73,27,35.04,33.00,-35.00,2.88,24.50,1.88,41.23,2.21,70.29,2.17,35.14,2.00,6.22,1.61,13.90,2.06,24.84,2.32,26.21,2.11
20,佛山市,广东省,2024,113.11,23.05,163,41.63,38.00,3.00,23.83,50.20,2.29,46.70,2.51,19.95,2.21,47.07,2.58,22.41,2.31,25.07,2.36,12.31,2.52,4.12,1.73
21,佳木斯市,黑龙江,2024,130.35,46.83,47,45.59,33.00,-31.00,4.65,25.07,2.22,58.20,2.58,68.92,2.73,31.96,2.52,17.19,2.19,5.71,2.24,47.83,2.62,13.43,3.04
22,保定市,河北省,2024,115.48,38.85,102,86.48,41.00,-21.00,13.55,46.49,1.90,53.55,1.82,41.20,2.08,37.67,2.24,26.78,2.23,12.58,1.34,31.64,2.01,8.19,2.40
23,保山市,云南省,2024,99.17,25.11,98,35.20,31.00,0.00,17.26,8.49,1.13,87.95,1.51,83.34,1.61,5.45,1.25,2.19,1.50,4.64,1.00,77.04,1.58,2.18,1.13
24,信阳市,河南省,2024,114.08,32.13,93,66.33,39.00,-7.00,17.50,53.66,2.36,35.68,2.39,29.19,2.42,56.68,2.51,38.92,2.55,9.27,1.94,19.35,2.61,7.93,2.11
25,克拉玛依市,新疆维吾尔族自治区,2024,84.77,45.59,83,43.15,39.00,-29.00,9.72,56.38,1.59,26.58,1.36,37.37,3.16,61.40,2.59,33.32,1.74,14.58,1.24,6.83,1.68,27.81,3.61
26,六安市,安徽省,2024,116.49,31.73,92,62.20,38.00,-6.00,17.66,61.82,2.26,45.00,2.18,28.62,2.27,45.14,2.27,18.66,2.22,34.96,2.29,5.42,1.90,21.82,2.35
27,六盘水市,贵州省,2024,104.82,26.58,58,38.01,34.00,-3.00,15.52,70.39,1.81,63.14,2.34,15.14,3.26,28.69,1.75,25.42,1.69,37.06,1.94,12.96,3.45,2.19,2.12
28,兰州市,甘肃省,2024,103.73,36.03,58,71.11,38.00,-15.00,11.66,78.44,1.72,16.61,1.41,14.73,1.24,70.65,1.68,59.11,1.76,10.64,1.53,5.43,1.20,8.22,1.26
29,包头市,内蒙古自治区,2024,110.00,40.58,45,63.42,37.00,-28.00,8.87,41.00,2.05,50.53,2.00,48.10,2.56,39.65,2.79,7.64,2.32,30.62,2.03,13.11,1.96,28.19,2.91
30,北京市,北京市,2024,116.46,39.92,108,58.99,37.00,-16.00,13.99,37.69,1.57,49.42,1.62,44.55,1.95,42.65,2.02,14.22,1.71,18.57,1.46,19.67,1.69,23.24,2.22
31,北海市,广西壮族自治区,2024,109.12,21.49,169,38.21,36.00,4.00,24.09,52.22,2.87,57.89,2.89,24.02,2.83,35.33,3.31,18.66,2.77,27.60,2.90,20.46,2.98,2.74,2.09
32,南京市,江苏省,2024,118.78,32.04,71,59.02,40.00,-7.00,17.68,59.69,2.52,38.98,2.42,31.54,2.35,46.57,2.46,27.72,2.50,22.14,2.43,14.39,2.41,13.08,2.29
33,南充市,四川省,2024,106.08,30.79,112,60.96,40.00,1.00,19.21,73.83,1.62,35.40,1.49,10.34,1.32,50.63,1.76,39.20,1.72,22.84,1.52,5.72,1.38,2.71,1.30
34,南平市,福建省,2024,118.16,26.65,164,32.14,39.00,0.00,21.47,42.04,1.09,45.27,1.21,35.27,1.29,45.15,1.23,11.23,1.05,25.63,1.12,12.25,1.27,20.01,1.30
35,南昌市,江西省,2024,115.89,28.68,112,59.87,39.00,-4.00,20.02,46.12,2.21,33.71,2.08,29.47,2.23,62.73,2.41,39.85,2.33,4.35,1.31,23.10,2.33,5.84,1.91
36,南通市,江苏省,2024,120.86,32.01,152,58.23,39.00,-7.00,17.27,55.47,2.98,41.65,2.84,30.53,2.78,47.67,3.05,22.72,3.04,26.98,3.03,10.31,2.53,15.86,3.00
37,南阳市,河南省,2024,112.53,33.01,128,74.17,39.00,-6.00,16.73,60.47,2.56,47.40,1.95,30.32,2.06,44.40,2.85,40.31,2.99,14.71,1.61,24.85,2.13,2.72,1.61
38,厦门市,福建省,2024,118.10,24.46,150,37.30,39.00,4.00,22.56,67.20,2.75,44.76,2.31,20.79,2.66,41.58,3.20,38.57,3.30,16.03,1.70,17.81,2.75,1.91,1.99
39,双鸭山市,黑龙江,2024,131.17,46.65,48,45.78,33.00,-28.00,5.52,23.44,2.12,44.58,2.57,69.45,2.60,36.33,2.29,10.65,1.97,9.54,2.23,30.38,2.69,23.23,2.50
40,合肥市,安徽省,2024,117.27,31.86,90,63.97,39.00,-9.00,16.97,59.90,2.57,42.55,2.55,23.42,2.42,43.50,2.67,23.01,2.70,25.66,2.46,6.55,1.96,14.42,2.65
41,吉林市,吉林省,2024,126.57,43.87,66,59.09,32.00,-27.00,7.34,16.61,1.85,53.25,2.42,66.42,2.43,36.13,2.10,6.82,1.95,7.90,1.86,37.69,2.56,20.28,2.19
42,吴忠市,宁夏回族自治区,2024,106.21,37.99,67,70.96,37.00,-20.00,11.88,43.15,2.30,31.35,2.39,46.18,2.69,55.00,2.45,24.39,2.19,15.48,2.54,11.50,2.17,24.60,2.87
43,周口市,河南省,2024,114.63,33.63,95,84.16,40.00,-7.00,17.57,53.37,2.56,45.81,2.54,29.43,2.57,43.27,2.79,26.32,2.72,20.22,2.42,16.33,2.60,9.29,2.68
44,呼和浩特市,内蒙古自治区,2024,111.65,40.82,41,55.22,37.00,-27.00,8.73,29.04,1.57,53.24,1.73,55.65,2.12,33.42,2.45,13.21,2.04,10.39,1.21,35.18,1.93,13.39,2.84
45,咸宁市,湖北省,2024,114.28,29.87,99,51.42,39.00,-6.00,18.47,52.74,1.79,29.45,1.66,28.31,1.78,56.07,1.91,29.72,1.89,11.77,1.46,13.30,1.89,12.04,1.68
46,咸阳市,陕西省,2024,108.72,34.36,117,86.93,40.00,-10.00,15.71,69.44,1.93,27.22,1.51,28.09,1.80,52.87,2.02,47.39,2.08,9.27,1.35,16.59,1.64,4.66,1.60
47,哈尔滨市,黑龙江,2024,126.63,45.75,62,54.09,32.00,-31.00,5.72,20.41,2.35,51.18,2.74,67.59,2.70,37.62,2.58,11.14,2.51,6.56,2.08,36.42,2.83,22.68,2.66
48,唐山市,河北省,2024,118.02,39.63,93,73.61,36.00,-19.00,12.83,40.20,2.56,43.12,2.41,48.50,2.40,42.97,2.51,18.62,2.71,15.82,2.35,21.83,2.50,18.80,2.42
49,商丘市,河南省,2024,115.65,34.44,116,86.38,39.00,-10.00,15.97,52.24,2.51,50.76,2.55,28.60,2.64,40.53,2.75,24.12,2.63,23.50,2.44,18.23,2.68,6.28,2.87
50,嘉兴市,浙江省,2024,120.76,30.77,84,59.17,39.00,-5.00,18.23,48.66,2.76,43.86,2.72,38.52,2.61,46.00,2.74,13.72,2.62,27.26,2.93,10.64,2.31,25.69,2.78
51,四平市,吉林省,2024,124.37,43.17,69,55.59,33.00,-28.00,7.50,20.81,2.56,52.94,3.08,69.11,3.02,39.16,2.66,14.81,2.72,3.54,2.23,47.50,3.18,16.45,2.63
52,固原市,宁夏回族自治区,2024,106.28,36.01,8,55.46,30.00,-19.00,9.08,48.37,2.40,55.17,2.49,40.45,2.70,38.83,2.62,6.31,1.61,38.51,2.58,12.86,2.23,25.13,3.02
53,大同市,山西省,2024,113.30,40.12,13,58.09,38.00,-33.00,7.77,28.20,1.96,52.13,1.95,54.33,2.34,34.52,2.49,8.52,2.35,15.85,1.79,25.68,2.10,19.67,2.61
54,大连市,辽宁省,2024,121.62,38.92,105,51.51,34.00,-14.00,12.72,34.72,2.54,43.93,2.56,40.29,2.93,46.57,3.36,10.37,2.66,19.98,2.56,17.39,2.50,17.77,3.26
55,天水市,甘肃省,2024,105.69,34.60,74,51.85,35.00,-12.00,13.37,57.39,1.74,49.65,2.31,12.04,2.12,40.48,1.64,18.36,1.18,29.71,2.17,1.37,1.20,10.67,2.23
56,天津市,天津市,2024,117.20,39.13,92,66.09,40.00,-14.00,15.36,38.32,2.43,46.66,2.36,50.72,2.44,39.11,2.55,14.25,2.46,15.56,2.32,27.01,2.42,18.00,2.56
57,太原市,山西省,2024,112.53,37.87,75,70.32,37.00,-21.00,12.35,55.78,1.59,47.22,1.41,28.38,2.13,46.27,2.08,26.91,1.81,24.00,1.39,10.92,1.50,15.83,2.61
58,威海市,山东省,2024,122.10,37.50,104,45.19,35.00,-10.00,14.41,31.20,2.72,37.34,2.96,44.66,3.30,54.49,3.30,13.99,2.85,14.46,2.64,12.47,2.93,26.75,3.45
59,娄底市,湖南省,2024,111.96,27.71,123,64.49,39.00,-5.00,18.77,57.69,1.69,35.10,1.80,15.82,1.77,59.15,1.93,45.42,1.83,8.15,1.30,11.98,1.91,2.74,1.29
60,孝感市,湖北省,2024,113.91,31.92,93,67.54,38.00,-5.00,18.63,51.42,2.31,40.89,2.34,25.26,2.33,52.54,2.54,29.82,2.52,16.13,2.12,18.20,2.50,6.52,1.97
61,宁德市,福建省,2024,119.52,26.65,121,40.28,39.00,0.00,21.39,86.61,1.33,53.60,1.34,6.56,1.37,22.13,1.29,14.23,1.29,48.67,1.36,2.45,1.22,3.56,1.38
62,安庆市,安徽省,2024,117.03,30.52,86,57.17,38.00,-6.00,17.95,62.41,2.48,35.41,2.21,33.21,2.27,62.65,2.49,59.66,2.55,1.37,1.00,31.57,2.32,1.37,1.20
63,安康市,陕西省,2024,109.02,32.70,115,52.99,40.00,-3.00,17.87,57.78,1.51,36.57,1.05,32.97,1.09,24.82,1.54,17.44,1.71,15.60,1.09,18.52,1.03,5.46,1.10
64,安阳市,河南省,2024,114.35,36.10,122,86.13,42.00,-13.00,15.55,54.69,2.27,50.25,2.42,11.43,2.43,45.41,2.56,33.65,2.44,18.34,2.08,5.97,2.27,4.37,2.69
65,安顺市,贵州省,2024,105.92,26.25,114,36.92,35.00,-6.00,16.46,59.29,2.35,51.85,2.83,9.87,3.31,42.38,2.55,38.00,2.51,16.35,2.08,9.04,3.46,0.55,1.49
66,定西市,甘肃省,2024,104.57,35.57,12,60.00,33.00,-19.00,8.73,69.43,2.18,48.53,2.20,14.48,1.95,45.75,2.21,24.14,2.11,40.91,2.31,2.72,1.30,10.96,2.15
67,宜宾市,四川省,2024,104.56,29.77,140,70.49,41.00,1.00,19.78,56.18,1.05,23.47,1.06,31.43,1.39,63.36,1.27,29.71,1.03,15.78,1.05,4.95,1.05,24.56,1.48
68,宜昌市,湖北省,2024,111.30,30.70,107,59.72,42.00,-4.00,18.67,79.53,1.27,72.93,1.21,11.75,1.05,17.18,1.38,10.07,1.56,63.10,1.24,4.39,1.00,5.45,1.10
69,宜春市,江西省,2024,114.38,27.81,117,51.56,39.00,-4.00,19.38,62.26,1.42,22.79,1.24,31.75,1.42,48.12,1.32,33.63,1.39,12.20,1.31,7.05,1.12,12.04,1.20
70,宝鸡市,陕西省,2024,107.15,34.38,118,71.87,39.00,-8.00,15.29,72.47,1.48,21.81,1.41,21.82,1.45,42.17,1.30,22.77,1.16,16.94,1.45,4.05,1.27,14.79,1.52
71,宣城市,安徽省,2024,118.73,31.95,96,53.91,41.00,-6.00,17.91,57.46,2.32,24.29,2.04,34.85,2.09,52.49,2.22,31.20,2.26,8.50,2.04,12.77,2.00,16.89,2.21
72,宿州市,安徽省,2024,116.97,33.63,94,80.39,38.00,-9.00,16.13,58.84,2.62,45.86,2.53,31.53,2.49,38.67,2.68,23.63,2.74,23.54,2.61,17.38,2.45,10.62,2.64
73,宿迁市,江苏省,2024,118.30,33.96,90,75.69,37.00,-8.00,16.54,61.29,2.61,44.48,2.53,29.09,2.40,44.92,2.62,30.16,2.65,24.05,2.60,15.19,2.42,10.38,2.47
74,岳阳市,湖南省,2024,113.09,29.37,105,58.81,37.00,-3.00,18.98,47.22,2.39,37.03,2.44,22.65,2.19,60.78,2.52,39.29,2.59,6.56,1.33,16.04,2.49,6.06,1.46
75,崇左市,广西壮族自治区,2024,107.37,22.42,193,40.88,38.00,5.00,23.38,66.12,1.67,41.54,1.74,24.38,1.98,48.92,1.81,44.04,1.83,14.70,1.30,19.51,2.20,2.98,1.09
76,巢湖市,安徽省,2024,117.87,31.62,81,62.22,38.00,-7.00,17.47,55.58,2.61,34.90,2.53,32.94,2.64,47.37,2.58,28.24,2.59,13.12,2.38,16.60,2.77,12.83,2.62
77,巴中市,四川省,2024,106.73,31.86,127,47.18,38.00,-1.00,17.85,69.22,1.24,45.40,1.14,14.43,1.13,42.29,1.35,30.88,1.33,28.76,1.15,10.63,1.18,2.98,1.00
78,常州市,江苏省,2024,119.95,31.79,75,65.01,40.00,-7.00,18.00,54.46,2.67,41.12,2.52,33.21,2.37,47.62,2.65,22.20,2.68,24.58,2.72,11.93,2.21,17.71,2.51
79,常德市,湖南省,2024,111.69,29.05,109,62.36,40.00,-4.00,18.82,51.97,2.15,35.91,1.76,26.77,1.85,58.62,2.32,39.14,2.44,9.00,1.30,20.42,2.04,5.26,1.31
80,平凉市,甘肃省,2024,106.68,35.51,31,60.73,32.00,-17.00,10.48,67.79,2.15,58.15,2.31,22.41,2.84,35.28,2.43,11.50,1.57,50.54,2.36,3.26,1.92,18.32,3.03
81,广元市,四川省,2024,105.83,32.43,127,52.74,39.00,-2.00,17.57,32.11,1.62,48.61,1.32,22.06,1.12,48.68,1.69,20.63,1.84,11.48,1.21,12.80,1.17,8.19,1.07
82,广安市,四川省,2024,106.61,30.48,113,61.32,42.00,1.00,19.18,72.42,1.43,38.46,1.32,17.46,1.30,51.19,1.43,43.29,1.45,19.31,1.38,14.19,1.31,2.72,1.30
83,广州市,广东省,2024,113.23,23.16,187,42.09,38.00,2.00,23.45,56.76,2.35,46.70,2.46,14.73,2.02,47.89,2.47,24.64,2.29,28.61,2.52,8.76,2.22,4.08,1.60
84,廊坊市,河北省,2024,116.70,39.53,106,67.86,38.00,-18.00,14.24,34.71,2.11,46.68,2.07,54.02,2.17,43.48,2.30,16.99,2.25,12.26,1.91,28.92,2.13,20.72,2.30
85,延安市,陕西省,2024,109.47,36.60,43,57.10,37.00,-23.00,11.57,43.48,2.23,51.06,2.34,39.61,2.43,41.57,2.52,15.33,2.25,24.03,2.33,17.49,2.20,18.86,2.70
86,开封市,河南省,2024,114.35,34.79,110,82.79,39.00,-11.00,16.57,52.23,2.65,46.37,2.49,33.00,2.48,45.14,2.81,31.47,2.99,15.55,2.22,20.15,2.65,9.58,2.17
87,张家口市,河北省,2024,114.87,40.82,60,48.02,39.00,-24.00,9.72,32.76,1.89,49.15,1.68,57.10,2.05,44.86,2.42,1.66,1.67,30.57,1.92,12.85,1.22,38.80,2.39
88,张掖市,甘肃省,2024,100.46,38.93,46,80.09,38.00,-21.00,10.97,39.20,1.61,26.64,1.77,48.77,2.25,68.75,2.03,11.19,1.17,24.48,1.82,1.35,1.20,46.88,2.29
89,徐州市,江苏省,2024,117.20,34.26,94,81.20,38.00,-9.00,16.84,59.14,2.49,50.20,2.42,31.27,2.38,38.68,2.54,22.54,2.63,28.46,2.41,15.73,2.39,12.56,2.37
90,德州市,山东省,2024,116.29,37.45,103,78.38,41.00,-20.00,14.80,40.79,2.55,50.52,2.52,42.82,2.54,42.69,2.67,28.79,2.82,8.47,1.81,30.30,2.69,9.26,2.33
91,德阳市,四川省,2024,104.37,31.13,141,60.73,37.00,-2.00,18.28,71.69,1.59,50.09,1.40,16.06,1.54,39.54,1.84,35.19,1.86,26.95,1.32,13.60,1.56,1.63,1.50
92,忻州市,山西省,2024,112.73,38.42,46,68.59,36.00,-21.00,10.66,45.00,1.46,27.23,1.42,28.98,1.72,61.55,1.65,28.67,1.52,12.19,1.36,9.61,1.43,16.39,1.95
93,怀化市,湖南省,2024,109.95,27.52,123,47.40,38.00,-6.00,18.50,44.65,1.62,29.65,1.89,28.27,1.87,67.90,1.56,41.66,1.65,1.90,1.00,23.65,2.02,3.53,1.08
94,思茅市,云南省,2024,101.00,22.79,159,39.68,33.00,7.00,20.51,25.91,1.12,79.97,1.33,55.59,1.56,9.04,1.18,4.94,1.28,19.86,1.07,42.71,1.55,3.28,1.08
95,成都市,四川省,2024,104.06,30.67,135,67.62,40.00,-1.00,18.88,71.94,1.54,48.39,1.43,16.35,1.57,40.93,1.70,34.15,1.74,29.04,1.36,11.18,1.59,3.80,1.50
96,扬州市,江苏省,2024,119.42,32.39,76,68.85,40.00,-8.00,17.46,56.40,2.75,38.68,2.65,33.20,2.51,47.92,2.70,24.69,2.77,22.41,2.76,13.27,2.49,15.81,2.52
97,承德市,河北省,2024,117.93,40.97,69,50.44,39.00,-22.00,10.41,27.82,1.46,32.21,1.65,60.14,1.87,53.02,1.90,6.53,1.29,15.82,1.57,10.10,1.62,42.10,1.99
98,抚州市,江西省,2024,116.34,28.00,106,48.51,39.00,-5.00,19.72,40.13,1.87,35.07,1.93,25.51,1.95,61.12,2.16,25.72,2.06,13.06,1.56,11.70,2.07,11.92,1.93
99,拉萨市,西藏自治区,2024,91.11,29.97,0,31.10,27.00,-9.00,10.02,25.50,1.17,80.69,1.69,38.56,1.93,12.74,1.26,8.37,1.23,13.60,1.18,33.58,1.96,2.22,1.62
100,揭阳市,广东省,2024,116.35,23.55,175,47.48,38.00,2.00,23.56,57.44,1.77,66.44,1.94,29.18,2.13,24.83,1.91,7.68,1.36,43.47,1.86,15.83,2.05,11.17,2.36
101,攀枝花市,四川省,2024,101.72,26.58,181,46.87,37.00,5.00,21.86,65.96,1.05,38.02,1.28,25.30,1.43,45.82,1.08,32.99,1.08,23.69,1.03,12.14,1.80,7.91,1.00
102,新乡市,河南省,2024,113.85,35.31,125,84.17,40.00,-14.00,15.92,57.62,2.38,51.84,2.07,33.09,2.28,38.60,2.74,35.57,2.80,15.23,1.65,27.60,2.29,2.75,2.10
103,新余市,江西省,2024,114.92,27.81,113,57.62,38.00,-5.00,19.26,60.97,1.84,29.91,1.99,19.72,1.76,63.58,1.92,50.64,1.97,7.07,1.31,7.92,1.86,9.34,1.71
104,无锡市,江苏省,2024,120.29,31.59,75,58.93,41.00,-6.00,18.10,51.15,2.81,45.25,2.65,31.90,2.65,46.54,2.90,23.30,2.82,22.37,2.90,12.01,2.32,17.16,2.94
105,日照市,山东省,2024,119.46,35.42,96,61.13,38.00,-10.00,14.90,55.29,2.60,51.81,2.45,26.63,2.73,41.11,3.22,20.06,2.89,29.78,2.42,14.37,2.43,10.63,3.25
106,昆明市,云南省,2024,102.73,25.04,87,37.04,30.00,1.00,17.35,28.61,1.90,84.42,2.57,61.30,2.92,7.65,2.11,7.11,2.19,14.94,1.64,59.39,2.94,0.55,1.00
107,昭通市,云南省,2024,103.70,29.32,36,41.19,32.00,-5.00,14.64,65.23,1.73,38.54,1.93,29.88,2.16,56.29,1.84,54.34,1.86,6.00,1.04,28.76,2.20,0.83,1.00
108,晋城市,山西省,2024,112.83,35.52,91,67.78,39.00,-16.00,13.34,39.08,2.23,62.30,2.07,41.48,2.25,34.71,2.33,2.72,1.49,35.81,2.31,12.00,1.61,27.85,2.56
109,景德镇市,江西省,2024,117.22,29.30,101,40.36,40.00,-5.00,19.81,49.78,1.57,37.55,1.48,34.61,1.54,53.64,1.63,31.70,1.68,11.77,1.30,19.26,1.62,13.69,1.48
110,曲靖市,云南省,2024,103.79,25.51,82,34.98,32.00,-2.00,17.40,29.73,1.88,79.24,3.15,59.13,3.57,17.48,1.97,15.03,2.08,11.98,1.70,58.03,3.60,0.55,1.49
111,朔州市,山西省,2024,112.43,39.33,21,63.35,36.00,-28.00,9.21,39.47,1.80,35.86,1.96,53.98,2.51,39.37,2.40,11.56,1.81,22.19,1.91,11.50,2.10,23.71,2.70
112,本溪市,辽宁省,2024,123.73,41.30,87,60.89,33.00,-26.00,10.00,23.73,2.28,46.36,2.19,48.84,1.83,46.84,2.07,6.60,2.37,16.59,2.28,18.52,1.94,24.60,1.85
113,来宾市,广西壮族自治区,2024,109.24,23.76,178,49.49,38.00,2.00,22.31,66.39,2.39,43.93,2.50,5.74,1.81,53.05,2.62,44.33,2.59,19.04,2.10,4.64,1.88,1.09,1.49
114,杭州市,浙江省,2024,120.19,30.26,90,56.34,41.00,-5.00,18.83,50.88,1.91,29.73,1.93,29.21,2.17,57.18,2.14,29.07,1.97,10.37,1.74,14.17,1.98,13.93,2.43
115,枣庄市,山东省,2024,117.57,34.86,105,77.81,39.00,-10.00,16.35,54.77,2.53,53.73,2.40,31.79,2.36,33.22,2.58,15.71,2.60,28.97,2.48,16.00,2.25,12.81,2.62
116,柳州市,广西壮族自治区,2024,109.40,24.33,144,49.34,39.00,0.00,22.11,53.21,2.18,38.18,2.39,5.98,1.96,59.08,2.38,40.16,2.40,11.14,1.58,3.00,2.27,2.71,1.70
117,株洲市,湖南省,2024,113.16,27.83,110,66.03,39.00,-5.00,19.56,26.78,1.53,35.94,1.96,45.98,2.16,59.71,2.01,11.22,1.49,12.02,1.59,12.20,2.04,33.24,2.22
118,桂林市,广西壮族自治区,2024,110.28,25.29,152,49.70,40.00,-1.00,21.16,68.94,1.89,35.95,1.53,17.73,1.57,60.80,1.95,53.98,2.07,13.59,1.24,13.92,1.73,3.53,1.00
119,梧州市,广西壮族自治区,2024,111.34,23.51,180,44.11,37.00,2.00,22.58,71.38,1.61,41.81,1.57,17.43,1.42,47.87,1.61,40.24,1.66,23.80,1.56,12.28,1.49,2.98,1.18
120,榆林市,陕西省,2024,109.77,38.30,62,59.66,36.00,-25.00,10.86,44.07,2.75,52.43,2.71,38.47,2.78,42.08,3.03,11.23,2.71,30.62,2.82,9.55,1.94,25.65,3.20
121,武威市,甘肃省,2024,102.61,37.94,44,73.30,35.00,-20.00,10.62,58.78,1.69,14.97,1.53,23.41,2.43,72.24,2.01,35.34,1.63,11.45,1.59,2.17,1.25,20.70,2.56
122,武汉市,湖北省,2024,114.31,30.52,88,57.39,39.00,-6.00,18.53,60.40,2.37,40.94,2.33,23.66,2.22,50.33,2.53,30.86,2.58,21.89,2.25,15.22,2.41,7.63,1.79
123,汕头市,广东省,2024,116.69,23.39,151,38.02,37.00,4.00,24.12,69.47,2.75,38.21,2.58,22.62,2.85,42.62,2.98,36.93,2.99,13.91,2.15,20.20,2.87,1.89,3.00
124,汕尾市,广东省,2024,115.36,22.77,160,33.71,35.00,5.00,24.03,63.69,2.68,49.18,2.58,25.65,2.89,25.93,2.82,19.41,2.73,19.39,2.21,24.83,2.89,0.82,2.99
125,池州市,安徽省,2024,117.49,30.66,96,53.60,38.00,-6.00,17.78,58.25,2.20,30.77,2.05,34.88,2.05,66.48,2.23,54.42,2.28,3.01,1.09,27.21,2.18,5.74,1.72
126,沈阳市,辽宁省,2024,123.38,41.80,78,56.69,34.00,-27.00,9.65,26.24,2.54,50.71,2.61,54.85,2.60,46.82,2.57,20.83,2.76,5.14,1.64,37.38,2.76,15.28,2.28
127,沧州市,河北省,2024,116.83,38.33,100,76.09,41.00,-22.00,14.40,40.25,2.67,47.46,2.53,48.81,2.51,41.91,2.75,23.89,2.99,10.08,2.16,32.43,2.61,12.30,2.33
128,河池市,广西壮族自治区,2024,108.64,24.49,171,42.55,39.00,2.00,22.09,78.69,1.70,36.80,2.01,7.07,1.27,54.98,1.61,48.98,1.67,22.85,1.82,2.46,1.57,3.52,1.16
129,河源市,广东省,2024,114.68,23.73,221,35.47,38.00,0.00,22.38,37.92,1.93,48.06,1.69,38.56,1.62,49.77,1.86,30.31,2.04,7.34,1.48,30.37,1.76,6.29,1.09
130,泉州市,福建省,2024,118.58,24.93,140,39.48,38.00,4.00,22.18,66.94,3.27,38.80,2.71,27.09,3.14,58.49,3.57,55.77,3.59,8.45,1.55,26.55,3.15,0.54,2.50
131,泰安市,山东省,2024,117.13,36.18,104,70.00,39.00,-14.00,15.58,43.56,2.10,54.78,2.24,32.98,2.15,39.20,2.27,20.90,2.33,17.99,1.96,20.73,2.21,10.90,2.07
132,泰州市,江苏省,2024,119.90,32.49,78,64.24,38.00,-7.00,16.93,55.87,2.80,37.84,2.70,34.55,2.56,50.37,2.78,27.16,2.87,20.49,2.80,13.82,2.55,17.17,2.57
133,洛阳市,河南省,2024,112.44,34.70,132,77.76,41.00,-8.00,15.97,54.68,2.03,36.90,1.87,37.68,2.22,46.15,2.21,25.16,2.03,21.03,2.08,10.68,1.51,18.53,2.57
134,济南市,山东省,2024,117.00,36.65,108,73.05,40.00,-15.00,16.38,43.56,2.23,43.95,2.21,44.16,2.23,48.70,2.29,32.89,2.45,8.76,1.50,27.52,2.48,11.47,1.88
135,济宁市,山东省,2024,116.59,35.38,97,80.13,39.00,-10.00,16.65,46.86,2.43,52.93,2.52,31.86,2.37,42.73,2.49,20.10,2.52,24.04,2.40,16.88,2.42,13.34,2.39
136,海口市,海南省,2024,110.35,20.02,229,34.09,41.00,9.00,25.70,73.26,3.17,33.19,2.47,20.15,2.01,49.09,3.16,37.65,3.46,20.08,2.81,8.72,1.81,9.25,2.15
137,淄博市,山东省,2024,118.05,36.78,93,77.17,40.00,-16.00,15.25,43.27,2.23,38.52,2.14,45.02,2.28,54.40,2.30,30.41,2.44,8.51,1.77,24.01,2.35,18.83,2.22
138,淮北市,安徽省,2024,116.77,33.97,100,79.22,39.00,-8.00,16.70,57.74,2.53,49.66,2.51,31.26,2.49,37.03,2.66,21.18,2.64,27.07,2.50,17.08,2.49,10.35,2.66
139,淮南市,安徽省,2024,116.98,32.62,86,77.54,38.00,-8.00,16.91,62.12,2.63,42.53,2.48,26.13,2.42,40.57,2.68,24.98,2.71,24.04,2.63,12.51,2.26,10.08,2.59
140,深圳市,广东省,2024,114.07,22.62,167,32.49,36.00,4.00,24.37,59.82,2.34,63.95,2.39,20.42,2.39,28.39,2.39,21.00,2.50,31.44,2.27,17.16,2.52,2.99,1.73
141,清远市,广东省,2024,113.01,23.70,169,37.87,37.00,2.00,22.95,34.05,1.71,46.66,1.84,14.73,1.73,50.62,2.09,12.04,1.59,20.66,1.82,8.45,1.68,6.28,1.78
142,温州市,浙江省,2024,120.65,28.01,119,45.64,39.00,-4.00,20.12,71.87,1.63,55.60,1.65,20.46,1.61,35.09,1.60,15.40,1.46,48.52,1.68,3.26,1.08,16.66,1.73
143,渭南市,陕西省,2024,109.50,34.52,116,75.83,43.00,-11.00,15.95,61.27,1.97,20.99,1.99,31.64,1.77,72.70,1.86,54.97,2.00,4.66,1.82,15.78,2.07,11.19,1.32
144,湖州市,浙江省,2024,120.10,30.86,85,62.12,40.00,-6.00,18.01,54.11,2.28,37.63,2.38,28.36,2.57,53.60,2.37,20.51,2.03,27.29,2.50,5.16,2.00,21.00,2.73
145,湘潭市,湖南省,2024,112.91,27.87,116,69.24,41.00,-6.00,19.35,24.89,1.50,34.02,2.13,43.79,2.40,62.71,2.15,13.14,1.48,9.56,1.63,13.02,2.20,30.23,2.51
146,湛江市,广东省,2024,110.41,21.20,204,37.97,38.00,5.00,24.53,77.10,3.10,54.91,3.08,13.07,2.60,26.25,2.68,15.86,2.59,43.21,3.20,9.53,2.71,3.01,2.36
147,滁州市,安徽省,2024,118.31,32.33,83,64.36,38.00,-8.00,16.83,57.79,2.65,36.25,2.56,31.82,2.50,49.84,2.57,30.73,2.69,17.76,2.55,13.56,2.68,13.65,2.32
148,滨州市,山东省,2024,118.03,37.36,103,74.89,41.00,-18.00,14.83,46.29,2.62,46.84,2.25,43.90,2.44,43.06,2.83,26.09,3.00,15.81,2.11,23.69,2.45,14.49,2.52
149,漯河市,河南省,2024,114.02,33.56,109,82.14,41.00,-9.00,17.00,52.28,2.54,43.64,2.53,28.90,2.63,46.29,2.79,26.06,2.77,19.14,2.39,14.13,2.67,12.33,2.64
150,漳州市,福建省,2024,117.35,24.52,179,37.92,39.00,3.00,23.22,70.48,1.39,65.36,1.48,19.91,1.37,20.43,1.24,9.55,1.20,48.33,1.44,9.31,1.47,9.25,1.32
151,潍坊市,山东省,2024,119.10,36.62,104,68.61,39.00,-12.00,15.38,43.01,2.67,44.72,2.49,32.12,2.39,51.18,2.76,18.96,2.87,22.13,2.58,10.04,2.13,19.90,2.56
152,潮州市,广东省,2024,116.63,23.68,201,41.15,37.00,2.00,23.21,60.19,1.73,62.90,1.92,25.92,2.09,27.03,1.77,11.79,1.42,40.76,1.85,15.57,2.04,8.18,2.29
153,濮阳市,河南省,2024,114.98,35.71,117,79.73,39.00,-13.00,15.64,44.09,2.47,51.01,2.57,30.83,2.57,45.16,2.59,26.87,2.69,14.20,2.27,24.29,2.71,6.00,2.01
154,烟台市,山东省,2024,121.39,37.52,98,47.51,35.00,-10.00,14.03,32.55,2.43,35.98,2.74,39.19,3.10,56.38,3.03,17.55,2.55,11.98,2.23,10.57,2.67,24.27,3.35
155,焦作市,河南省,2024,113.21,35.24,121,80.72,40.00,-9.00,16.30,56.56,2.10,55.48,1.87,37.42,2.33,20.50,2.64,7.67,2.40,29.77,1.79,20.23,2.01,12.57,2.82
156,牡丹江市,黑龙江,2024,129.58,44.60,46,51.74,32.00,-28.00,5.72,14.94,1.78,50.57,2.01,79.06,2.24,38.16,2.36,11.92,1.87,2.20,1.62,46.20,2.00,23.52,2.71
157,玉林市,广西壮族自治区,2024,110.14,22.64,171,45.77,38.00,3.00,23.31,59.75,2.16,51.33,2.34,13.92,1.81,44.58,2.09,30.01,2.15,26.20,2.26,9.52,1.97,3.85,1.51
158,玉溪市,云南省,2024,102.52,24.35,89,36.39,31.00,1.00,18.07,28.11,1.61,86.84,2.28,65.12,2.55,6.03,1.87,6.03,1.87,16.06,1.51,64.01,2.55,0.00,0.00
159,珠海市,广东省,2024,113.52,22.30,158,39.43,36.00,4.00,24.35,60.94,3.02,53.05,3.12,19.10,3.37,32.03,3.19,19.16,2.90,26.85,2.95,17.46,3.34,1.64,3.65
160,白城市,吉林省,2024,122.82,45.63,63,43.37,32.00,-30.00,7.02,22.59,2.66,41.80,2.76,63.23,2.81,51.66,2.81,16.60,2.90,4.63,1.88,31.44,2.86,26.60,2.76
161,白山市,吉林省,2024,126.43,41.94,47,54.70,31.00,-33.00,6.68,14.24,1.48,55.10,1.83,72.64,1.97,37.01,1.81,7.18,1.77,6.79,1.16,39.83,2.04,25.46,1.79
162,白银市,甘肃省,2024,104.17,36.54,34,61.12,35.00,-18.00,10.18,67.20,2.33,39.01,1.81,23.80,1.79,50.09,2.62,43.54,2.59,14.12,1.98,20.52,1.79,2.18,1.99
163,百色市,广西壮族自治区,2024,106.62,23.91,174,44.75,39.00,5.00,23.94,74.82,1.46,55.44,1.60,16.69,1.27,27.62,1.14,9.63,1.17,50.72,1.54,1.97,2.43,14.44,1.11
164,益阳市,湖南省,2024,112.33,28.60,112,74.49,39.00,-4.00,18.92,26.42,1.69,32.93,2.15,32.15,2.19,63.79,2.24,8.98,1.61,14.70,1.87,4.90,1.50,26.97,2.33
165,盐城市,江苏省,2024,120.13,33.38,73,63.17,38.00,-8.00,16.46,56.41,2.85,40.85,2.65,30.71,2.58,47.64,2.90,24.74,2.97,23.74,2.75,11.90,2.55,15.24,2.68
166,盘锦市,辽宁省,2024,122.07,41.22,98,52.05,33.00,-21.00,10.81,35.87,2.98,46.91,3.12,51.32,3.08,50.37,2.99,31.53,3.11,3.80,2.07,38.22,3.28,10.93,2.42
167,眉山市,四川省,2024,103.83,30.05,144,67.78,39.00,-1.00,19.01,67.88,1.43,38.52,1.44,17.41,1.53,48.33,1.49,29.04,1.43,28.95,1.43,4.65,1.35,10.03,1.48
168,石嘴山市,宁夏回族自治区,2024,106.39,39.04,21,68.96,37.00,-24.00,10.17,48.97,1.55,45.56,1.64,34.68,2.47,39.92,2.40,12.60,1.63,25.67,1.54,8.98,1.55,22.14,2.92
169,石家庄市,河北省,2024,114.48,38.03,108,76.23,41.00,-15.00,15.10,67.65,1.69,46.44,1.70,19.60,1.89,46.16,1.81,27.93,1.69,33.67,1.73,5.45,1.50,13.06,2.03
170,福州市,福建省,2024,119.30,26.08,125,40.34,40.00,1.00,22.37,73.50,1.41,37.96,1.40,17.74,1.46,48.14,1.50,39.97,1.56,21.00,1.18,10.66,1.59,6.54,1.21
171,秦皇岛市,河北省,2024,119.57,39.95,83,61.20,36.00,-18.00,11.33,45.68,2.58,56.77,2.41,42.00,2.71,34.53,3.05,23.36,3.23,17.15,1.84,31.12,2.77,7.63,2.68
172,绍兴市,浙江省,2024,120.58,30.01,79,57.81,40.00,-4.00,18.91,48.89,1.89,29.71,1.85,34.71,2.01,65.93,1.99,33.65,1.95,11.68,1.81,15.00,1.91,19.44,2.08
173,绥化市,黑龙江,2024,127.00,46.63,55,60.33,31.00,-32.00,4.94,21.80,2.51,52.79,2.72,63.75,2.67,37.12,2.58,7.33,2.45,12.30,2.56,30.95,2.78,24.89,2.68
174,绵阳市,四川省,2024,104.73,31.48,142,62.26,39.00,-1.00,18.47,70.80,1.64,52.29,1.39,18.80,1.45,36.26,1.89,30.54,1.96,30.17,1.37,13.36,1.39,4.08,1.66
175,聊城市,山东省,2024,115.97,36.45,108,80.78,40.00,-15.00,15.64,43.28,2.56,52.64,2.59,31.10,2.58,42.72,2.69,29.64,2.86,11.72,2.00,21.28,2.77,7.64,2.25
176,肇庆市,广东省,2024,112.44,23.05,169,38.52,37.00,4.00,23.58,69.91,1.77,43.96,1.91,13.62,1.44,46.24,1.69,35.58,1.72,26.96,1.91,6.54,1.41,4.64,1.41
177,自贡市,四川省,2024,104.77,29.35,135,68.78,41.00,1.00,19.98,65.33,1.52,36.28,1.40,21.04,1.60,51.95,1.63,30.94,1.54,25.34,1.46,6.84,1.24,12.29,1.75
178,舟山市,浙江省,2024,122.11,30.02,107,38.10,38.00,-3.00,18.12,45.04,3.04,42.42,3.29,29.33,3.53,52.35,3.54,14.77,3.15,25.89,3.06,3.27,1.84,25.49,3.80
179,芜湖市,安徽省,2024,118.38,31.33,74,59.37,39.00,-6.00,17.97,59.13,2.63,32.98,2.30,34.05,2.46,47.08,2.61,29.05,2.65,14.76,2.24,16.32,2.40,13.11,2.63
180,苏州市,江苏省,2024,120.62,31.32,75,63.27,39.00,-5.00,18.26,50.59,2.66,43.60,2.51,35.45,2.50,47.91,2.73,21.10,2.65,24.82,2.76,11.96,2.07,19.65,2.85
181,茂名市,广东省,2024,110.88,21.68,191,38.43,36.00,5.00,24.57,74.11,2.71,64.48,2.74,14.43,2.03,24.90,1.91,11.26,1.90,53.05,2.88,7.09,2.04,6.52,2.04
182,荆州市,湖北省,2024,112.24,30.33,99,64.86,39.00,-5.00,18.68,55.20,2.28,38.73,2.41,15.00,2.36,58.27,2.62,41.78,2.44,11.78,1.79,12.02,2.59,2.17,1.63
183,荆门市,湖北省,2024,112.19,31.02,108,66.50,39.00,-6.00,18.14,45.43,2.19,42.76,2.24,13.85,2.17,55.34,2.85,30.94,2.43,12.85,1.74,11.94,2.29,1.64,1.49
184,莆田市,福建省,2024,119.00,25.44,134,38.24,38.00,3.00,22.35,67.78,2.00,43.98,1.96,19.72,2.35,51.10,2.25,44.29,2.26,19.12,1.48,16.18,2.46,3.26,1.92
185,莱芜市,山东省,2024,117.67,36.19,113,72.52,38.00,-14.00,15.25,38.67,2.49,53.17,2.22,43.56,2.21,41.11,2.64,22.00,2.82,13.68,2.08,31.03,2.22,9.79,2.25
186,萍乡市,江西省,2024,113.85,27.60,112,56.48,40.00,-5.00,19.69,43.46,1.43,26.92,1.59,49.21,1.45,56.60,1.36,36.06,1.48,3.57,1.15,21.74,1.68,15.89,1.15
187,营口市,辽宁省,2024,122.18,40.65,94,55.28,34.00,-22.00,10.91,36.41,3.26,49.36,2.93,50.74,2.85,47.92,3.17,31.78,3.37,4.36,2.50,38.49,2.99,9.79,2.48
188,葫芦岛市,辽宁省,2024,120.86,40.75,85,53.94,35.00,-21.00,10.72,39.41,2.59,51.82,2.75,35.48,3.12,43.78,3.17,25.50,3.12,10.89,1.67,25.95,3.28,8.15,2.87
189,蚌埠市,安徽省,2024,117.34,32.93,83,72.71,38.00,-9.00,16.86,61.01,2.57,41.73,2.44,26.11,2.39,41.09,2.62,25.52,2.65,22.40,2.52,12.22,2.27,10.07,2.59
190,衡水市,河北省,2024,115.72,37.72,105,76.74,41.00,-17.00,15.50,42.19,2.37,50.79,2.43,38.18,2.32,40.47,2.52,27.72,2.63,9.82,1.89,25.39,2.38,8.69,2.35
191,衡阳市,湖南省,2024,112.61,26.89,228,67.65,39.00,-4.00,19.56,38.53,1.54,33.49,1.95,18.76,1.75,63.50,1.97,27.06,1.62,10.36,1.39,10.89,1.90,6.25,1.69
192,衢州市,浙江省,2024,118.88,28.97,102,48.43,42.00,-6.00,19.34,68.12,1.99,26.68,1.59,28.90,1.64,61.61,2.07,60.25,2.10,2.18,1.00,22.89,1.69,0.82,1.00
193,襄樊市,湖北省,2024,112.14,30.02,114,72.42,37.00,-5.00,17.31,54.61,2.14,36.79,2.06,18.60,2.12,57.51,2.34,25.19,2.18,26.15,2.19,2.74,1.10,13.69,2.48
194,西宁市,青海省,2024,101.74,36.56,0,60.94,30.00,-18.00,7.93,73.81,1.41,35.10,1.65,20.77,1.46,46.10,1.19,25.37,1.06,32.63,1.68,2.18,1.25,16.40,1.42
195,西安市,陕西省,2024,108.95,34.27,113,81.45,40.00,-8.00,16.76,67.50,1.91,29.40,1.64,28.68,1.73,56.08,1.89,50.86,1.92,8.42,1.74,18.80,1.64,4.13,1.67
196,许昌市,河南省,2024,113.81,34.02,118,84.51,40.00,-11.00,16.22,53.91,2.54,43.41,2.39,32.75,2.53,47.30,2.77,31.76,2.83,15.59,2.13,19.08,2.63,10.93,2.45
197,贵港市,广西壮族自治区,2024,109.60,23.09,168,43.10,37.00,3.00,23.08,52.41,2.00,41.49,2.36,12.57,2.15,50.06,2.13,25.42,1.94,19.63,2.14,6.83,2.29,5.21,2.10
198,贵阳市,贵州省,2024,106.71,26.57,119,34.00,35.00,-6.00,16.66,58.22,2.13,47.97,2.84,8.51,2.84,48.48,2.27,36.44,2.16,18.51,2.13,6.03,3.19,2.20,2.11
199,贺州市,广西壮族自治区,2024,111.55,24.41,169,44.51,39.00,0.00,21.55,27.61,1.60,43.10,1.58,53.56,1.62,52.84,1.73,2.20,1.38,24.87,1.63,7.34,1.33,43.78,1.71
200,资阳市,四川省,2024,104.60,30.19,138,60.61,41.00,0.00,19.34,72.45,1.71,33.26,1.48,16.37,1.56,57.18,1.80,39.19,1.85,25.07,1.53,4.91,1.17,10.37,1.76
201,赣州市,江西省,2024,114.92,25.85,125,40.40,39.00,-2.00,21.27,16.68,1.56,40.08,2.20,22.58,1.89,58.00,2.01,12.58,1.61,2.71,1.50,15.27,2.13,6.77,1.44
202,赤峰市,内蒙古自治区,2024,118.87,42.28,56,39.62,35.00,-24.00,8.70,31.43,2.10,45.89,2.36,59.81,2.79,44.22,2.81,19.04,2.47,9.05,1.51,33.84,2.60,19.68,3.18
203,辽源市,吉林省,2024,125.15,42.97,66,49.14,34.00,-29.00,7.38,20.52,2.33,52.69,2.81,67.43,2.88,36.94,2.56,12.05,2.59,6.81,1.96,40.95,3.00,17.77,2.60
204,辽阳市,辽宁省,2024,123.17,41.28,91,61.19,35.00,-26.00,10.85,29.34,2.58,46.10,2.58,43.34,2.36,47.38,2.56,19.80,2.79,8.46,2.30,24.81,2.45,13.63,2.24
205,达州市,四川省,2024,107.50,31.21,110,57.66,41.00,1.00,19.53,75.50,1.26,39.85,1.24,14.72,1.11,45.65,1.28,37.75,1.29,28.43,1.29,7.89,1.17,3.00,1.00
206,运城市,山西省,2024,110.97,35.03,119,76.19,41.00,-11.00,16.00,55.28,2.23,54.10,2.31,40.90,2.02,32.78,1.86,8.76,1.18,43.50,2.51,8.15,1.43,22.66,2.16
207,连云港市,江苏省,2024,119.16,34.59,90,70.82,38.00,-9.00,15.78,62.45,2.60,37.59,2.42,28.54,2.30,48.72,2.69,34.00,2.79,18.03,2.41,15.47,2.40,10.08,2.30
208,通化市,吉林省,2024,125.92,41.49,65,44.23,32.00,-31.00,7.89,10.14,1.60,53.72,1.95,72.01,1.90,39.49,1.70,7.43,1.74,1.90,1.28,46.61,2.02,19.69,1.58
209,通辽市,内蒙古自治区,2024,122.28,43.63,71,50.19,36.00,-23.00,8.45,23.42,2.59,38.45,3.13,62.95,2.98,51.15,2.85,15.54,2.77,6.52,2.38,24.86,3.30,29.33,2.87
210,遂宁市,四川省,2024,105.58,30.52,119,53.84,40.00,1.00,19.18,78.22,1.82,39.50,1.68,9.51,1.40,48.40,1.90,36.44,1.96,31.60,1.72,3.27,1.50,5.14,1.37
211,遵义市,贵州省,2024,106.90,27.70,124,39.30,37.00,-4.00,17.06,72.78,1.74,37.10,1.92,17.21,1.57,42.91,1.65,29.81,1.69,25.17,1.72,3.57,1.62,11.44,1.62
212,邢台市,河北省,2024,114.48,37.05,120,80.56,41.00,-18.00,14.96,61.73,2.06,47.79,2.21,9.00,2.36,46.47,2.45,36.64,2.32,20.43,1.75,3.26,1.83,4.92,2.84
213,邯郸市,河北省,2024,114.47,36.60,108,81.66,42.00,-15.00,15.93,55.77,2.23,49.94,2.33,9.26,2.35,44.60,2.49,36.41,2.47,15.54,1.81,4.62,2.17,2.99,2.46
214,邵阳市,湖南省,2024,111.50,27.22,150,66.19,38.00,-4.00,18.64,65.97,1.72,37.00,1.63,19.64,1.53,52.06,1.87,45.49,1.85,11.45,1.38,15.82,1.59,2.18,1.25
215,郑州市,河南省,2024,113.65,34.76,108,76.81,40.00,-9.00,16.85,56.31,2.30,43.41,2.12,30.81,2.44,45.14,2.60,29.84,2.60,21.55,2.02,10.90,2.10,13.39,2.67
216,郴州市,湖南省,2024,113.00,25.79,150,54.29,38.00,-4.00,18.77,17.49,2.06,33.78,2.06,27.26,1.43,64.05,1.61,3.56,1.08,13.38,2.37,6.23,1.30,19.41,1.51
217,鄂州市,湖北省,2024,114.89,30.40,99,63.04,40.00,-4.00,19.17,55.13,1.98,48.31,2.04,30.32,2.14,44.06,2.12,13.94,1.64,36.29,2.18,8.46,1.58,19.14,2.40
218,酒泉市,甘肃省,2024,98.50,39.71,31,83.47,35.00,-21.00,9.55,63.19,2.09,18.53,1.84,26.14,2.60,60.98,2.24,29.34,1.94,15.54,1.91,2.18,1.51,22.59,2.73
219,金华市,浙江省,2024,119.64,29.12,86,54.34,41.00,-5.00,19.81,63.20,1.57,16.07,1.44,31.60,1.34,65.68,1.45,39.48,1.56,11.44,1.54,3.80,1.21,21.82,1.31
220,金昌市,甘肃省,2024,102.19,38.51,36,76.13,36.00,-20.00,10.43,56.88,2.05,28.64,2.14,32.66,2.81,56.89,2.46,20.02,1.81,23.19,2.27,4.34,1.50,27.51,3.03
221,钦州市,广西壮族自治区,2024,108.61,21.96,179,41.80,36.00,4.00,23.32,41.48,2.43,55.94,2.91,20.50,3.27,40.49,2.95,16.14,2.42,22.05,2.51,18.59,3.31,1.63,2.99
222,铁岭市,辽宁省,2024,123.85,42.32,85,56.47,34.00,-27.00,9.56,24.06,2.59,52.10,2.88,60.62,2.82,44.38,2.66,19.99,2.80,3.53,1.61,42.84,3.00,14.80,2.37
223,铜川市,陕西省,2024,109.11,35.09,77,64.85,38.00,-11.00,13.42,71.92,1.94,54.61,1.65,19.64,1.85,23.83,2.15,12.92,2.11,39.11,1.72,9.26,1.41,8.99,2.28
224,铜陵市,安徽省,2024,117.82,30.93,80,62.32,39.00,-6.00,18.23,54.45,2.26,29.72,2.12,36.48,2.34,58.28,2.39,39.95,2.41,6.03,1.41,21.51,2.37,11.98,2.39
225,银川市,宁夏回族自治区,2024,106.27,38.47,60,75.28,37.00,-18.00,11.72,62.56,1.78,37.05,1.62,24.33,1.93,54.74,2.01,42.46,1.98,15.48,1.38,12.29,1.76,9.27,2.12
226,锦州市,辽宁省,2024,121.15,41.13,95,55.19,36.00,-19.00,11.41,29.03,2.48,48.03,2.80,33.54,2.94,49.52,3.00,19.75,2.85,8.19,1.66,19.37,3.10,12.81,2.85
227,镇江市,江苏省,2024,119.44,32.20,78,67.68,40.00,-7.00,17.32,56.11,2.70,38.12,2.59,32.93,2.51,48.19,2.65,25.77,2.70,21.03,2.73,13.54,2.46,15.00,2.57
228,长春市,吉林省,2024,125.35,43.88,70,56.42,33.00,-25.00,7.57,19.06,2.44,51.91,2.90,66.65,2.97,35.83,2.66,11.43,2.69,5.98,2.00,39.88,3.12,16.17,2.75
229,长沙市,湖南省,2024,113.00,28.21,118,69.62,40.00,-7.00,19.15,23.17,1.73,33.74,2.27,49.58,2.37,62.43,2.26,7.90,1.38,12.81,2.02,10.32,2.42,38.17,2.39
230,长治市,山西省,2024,113.08,36.18,50,60.56,35.00,-20.00,11.39,32.87,2.07,46.96,1.88,58.13,1.95,41.57,2.18,20.02,2.27,9.01,1.79,32.75,1.83,18.27,2.12
231,阜新市,辽宁省,2024,121.65,42.00,71,53.58,36.00,-24.00,8.71,25.96,2.42,45.53,2.49,57.89,2.62,49.29,2.77,18.88,2.71,5.99,1.64,33.86,2.66,19.94,2.75
232,阜阳市,安徽省,2024,115.81,32.89,86,77.64,40.00,-9.00,17.33,59.11,2.53,47.23,2.50,29.93,2.64,37.84,2.71,23.07,2.67,25.42,2.44,16.61,2.68,9.28,2.76
233,防城港市,广西壮族自治区,2024,108.35,21.61,176,36.32,36.00,4.00,23.42,53.31,2.67,55.71,2.70,25.68,3.12,39.67,3.36,27.69,3.12,21.00,2.18,24.87,3.18,0.81,1.33
234,阳江市,广东省,2024,111.95,21.85,172,37.61,36.00,5.00,24.15,70.23,2.58,53.61,2.56,15.24,2.75,35.05,2.76,32.34,2.76,27.10,2.39,13.89,2.77,0.82,2.99
235,阳泉市,山西省,2024,113.57,37.85,74,72.66,40.00,-18.00,12.00,50.90,1.85,20.20,1.73,45.86,2.56,35.24,2.32,19.13,2.00,9.27,1.56,10.39,1.89,14.76,2.83
236,随州市,湖北省,2024,113.37,31.72,98,58.66,39.00,-9.00,17.50,66.47,2.28,39.26,2.29,14.15,2.10,55.85,2.46,37.76,2.52,24.91,2.03,4.61,2.29,8.74,2.03
237,雅安市,四川省,2024,102.97,29.97,145,61.58,38.00,-1.00,18.11,86.42,1.03,14.98,1.09,11.16,1.15,50.79,1.04,47.54,1.04,7.10,1.00,7.35,1.19,2.44,1.00
238,青岛市,山东省,2024,120.33,36.07,94,61.62,33.00,-9.00,14.63,42.15,2.57,53.74,2.53,37.27,2.74,41.35,3.00,10.17,2.54,28.42,2.60,13.33,2.30,22.60,3.05
239,鞍山市,辽宁省,2024,122.99,41.11,96,62.33,35.00,-21.00,11.56,29.32,2.78,48.26,2.76,44.73,2.53,48.50,2.75,21.98,2.90,6.26,2.62,29.46,2.67,13.09,2.25
240,韶关市,广东省,2024,113.62,24.84,173,39.26,40.00,-1.00,21.60,31.88,1.25,40.62,1.48,31.42,1.44,55.82,1.38,24.81,1.31,6.79,1.04,15.22,1.36,13.74,1.60
241,马鞍山市,安徽省,2024,118.48,31.56,82,61.29,40.00,-7.00,17.81,60.24,2.57,35.44,2.47,32.69,2.52,46.86,2.52,28.02,2.58,18.85,2.35,14.40,2.69,14.22,2.41
242,驻马店市,河南省,2024,114.02,32.98,110,72.34,40.00,-8.00,16.71,48.68,2.36,43.37,2.34,31.64,2.53,48.73,2.65,23.28,2.63,19.68,2.14,14.41,2.55,15.05,2.54
243,鸡西市,黑龙江,2024,130.97,45.33,50,42.75,32.00,-29.00,5.50,21.25,1.96,36.06,2.18,74.11,2.41,38.47,2.41,6.53,1.91,9.00,2.00,24.60,2.23,30.03,2.54
244,鹤壁市,河南省,2024,114.17,35.90,119,81.61,41.00,-15.00,15.33,46.44,2.28,51.90,2.40,21.28,2.83,44.83,2.74,30.34,2.60,13.38,1.70,16.91,2.85,3.83,2.80
245,鹤岗市,黑龙江,2024,130.30,47.33,36,39.99,32.00,-32.00,3.55,29.19,1.97,45.07,2.15,57.75,2.48,40.41,2.47,10.90,2.20,13.35,1.80,23.27,2.33,25.44,2.62
246,鹰潭市,江西省,2024,117.02,28.23,115,45.52,40.00,-5.00,19.90,55.15,1.89,20.35,1.95,36.38,1.89,62.86,1.91,41.19,1.94,4.89,1.16,13.55,2.22,15.66,1.84
247,黄冈市,湖北省,2024,114.87,30.44,97,61.65,39.00,-5.00,18.74,55.41,2.06,48.06,2.12,30.32,2.20,44.60,2.20,14.21,1.83,36.04,2.24,8.46,1.77,19.96,2.39
248,黄石市,湖北省,2024,115.09,30.20,94,62.25,40.00,-4.00,19.15,58.93,1.86,48.59,1.97,33.12,1.98,41.34,1.86,11.48,1.50,41.21,2.05,4.62,1.41,24.94,2.10
249,黑河市,黑龙江,2024,127.53,50.22,35,37.34,35.00,-33.00,2.50,28.38,2.16,36.93,2.54,53.34,2.70,55.15,2.65,10.58,2.18,14.53,2.15,14.75,2.70,34.22,2.77
250,齐齐哈尔市,黑龙江,2024,123.97,47.33,54,44.52,33.00,-29.00,5.61,20.17,2.55,35.24,2.92,61.23,2.72,54.11,2.68,13.91,2.51,4.37,2.68,20.47,2.84,32.00,2.73
251,龙岩市,福建省,2024,117.01,25.12,226,32.81,38.00,0.00,22.02,44.25,1.35,54.33,1.48,39.37,1.50,40.16,1.46,23.81,1.47,17.16,1.24,27.61,1.61,9.53,1.31
